Row,more_act_25ug,less_act_25ug,more_act_42D,less_act_42D,more_active_gly12.5,less_active_glyc12.5,more_active_gly25,less_active_glyc25,more_active_glyc42,less_active_glyc42
G25A,0,0,0,0,0,0,0,0,0,0
I26A,0,0,0,0,0,0,0,0,0,0
R28A,0,0,0,0,0,0,1,0,0,0
T29A,0,0,0,0,0,0,0,0,0,0
C30A,0,0,0,0,0,0,0,0,0,0
G33A,0,0,0,0,0,0,0,0,0,0
D35A,0,0,0,0,0,0,0,0,0,0
Q36A,0,0,0,0,0,0,0,0,0,0
V37A,0,0,0,0,0,0,0,0,0,0
S39A,0,0,0,0,0,0,0,0,0,0
M40A,0,0,0,0,0,0,0,0,0,0
D45A,0,0,0,0,0,0,0,0,0,0
G48A,0,0,0,0,0,0,0,0,0,0
R49A,0,0,0,0,0,0,0,0,0,0
E50A,0,0,0,0,0,0,0,0,0,0
G52A,0,0,0,0,0,0,0,0,0,0
D53A,0,0,0,0,0,0,0,0,0,0
V54A,0,0,0,0,0,0,0,0,0,0
T56A,0,0,0,0,0,0,0,0,0,0
S58A,0,0,0,0,0,0,0,0,0,0
D63A,0,0,0,0,0,0,0,0,0,0
S64A,0,0,0,0,0,0,0,0,0,0
D65A,0,0,0,0,0,0,0,0,0,1
K74A,1,0,0,0,0,0,0,0,0,0
T75A,0,0,0,0,0,0,0,0,0,0
D83A,0,0,0,0,0,0,0,0,0,0
E85A,0,0,0,0,0,0,0,0,0,0
E100A,0,0,0,0,0,0,0,0,0,0
P102A,0,0,0,0,0,0,0,0,0,0
S104A,0,0,0,0,0,0,0,0,0,0
D110A,0,0,0,0,0,0,0,0,0,0
V113A,0,0,0,0,0,0,0,0,0,1
S114A,0,0,0,0,0,0,0,0,0,0
G115A,0,0,1,0,0,0,0,0,0,0
E116A,0,0,0,0,0,0,0,0,0,0
H117A,0,0,0,1,0,0,0,0,0,0
Q120A,0,0,0,0,0,0,0,0,0,0
T124A,0,0,0,0,0,0,0,0,0,1
N128A,0,0,0,0,0,0,0,0,0,0
L129A,0,0,0,0,0,0,0,0,0,0
K131A,0,0,0,1,0,0,0,0,0,0
H132A,0,0,0,0,0,0,0,0,0,0
E133A,0,0,0,0,0,0,0,0,0,0
N135A,0,0,0,0,0,0,0,0,0,0
V141A,0,0,0,0,0,0,0,0,0,0
V144A,0,0,0,0,0,0,0,0,0,0
D147A,0,0,0,0,0,0,0,0,0,0
Y148A,0,1,0,0,0,0,1,0,0,0
G149A,0,0,0,0,0,0,0,0,0,0
D151A,0,0,0,0,0,0,0,0,0,0
P152A,0,0,0,0,0,0,0,0,0,0
V154A,0,0,0,1,0,0,1,0,0,0
T158A,0,0,0,0,0,0,0,0,0,0
L160A,0,1,0,1,0,0,1,0,0,0
G161A,0,0,0,0,1,0,1,0,0,0
G25C,0,0,0,0,0,0,0,0,0,0
I26C,1,0,1,0,0,0,0,0,0,0
R28C,0,0,0,0,0,0,0,0,0,0
G33C,0,0,0,0,0,0,0,0,0,0
S39C,0,0,0,0,0,0,0,0,0,0
G48C,0,0,1,0,0,0,0,0,0,1
R49C,0,0,0,0,0,0,0,0,0,1
G52C,0,0,0,0,0,0,0,0,1,0
V54C,0,0,0,0,0,0,0,0,0,0
Y57C,0,0,1,0,0,0,0,0,0,0
S58C,0,0,0,0,0,0,0,0,0,0
Q59C,0,0,0,0,0,0,0,0,0,0
H60C,0,0,0,0,0,0,0,0,0,0
R72C,0,0,0,0,0,0,0,0,0,0
S73C,0,0,0,0,0,0,0,0,0,0
G89C,0,0,0,0,0,1,0,1,0,1
A90C,0,0,0,0,0,0,0,0,0,0
A92C,0,0,0,0,0,0,0,0,0,0
F99C,0,0,0,0,0,0,0,0,0,0
P102C,0,0,0,0,0,0,0,0,0,0
R103C,0,0,0,0,0,0,0,0,0,0
S104C,0,0,0,0,0,0,0,0,0,0
Y107C,0,0,0,0,0,0,0,0,0,0
S114C,0,0,0,0,0,0,0,0,0,0
G115C,0,0,0,0,0,0,0,0,0,0
E116C,0,0,0,0,0,0,0,0,0,0
H117C,0,0,0,0,0,0,0,0,0,0
Q120C,0,0,0,0,0,0,0,0,0,0
G121C,0,0,0,0,0,0,0,0,0,0
A125C,0,0,0,0,0,0,0,0,0,0
L129C,0,0,0,0,0,0,0,0,0,0
E133C,0,1,0,1,0,0,1,0,0,0
N135C,0,0,0,0,0,0,0,0,0,0
A136C,0,0,0,0,0,0,0,0,0,0
L137C,0,0,0,0,0,0,0,0,0,0
G138C,0,0,0,0,0,0,0,0,0,0
A139C,0,0,0,0,0,0,0,0,0,0
Y140C,0,0,0,1,0,0,0,0,0,0
Y143C,0,0,0,0,0,0,1,0,0,0
A146C,0,0,0,0,0,0,1,0,0,0
Y148C,0,0,0,0,0,0,0,0,0,0
G149C,0,0,0,0,0,0,0,0,0,0
P152C,0,1,0,0,0,0,0,0,0,0
V154C,0,0,0,0,0,0,0,0,0,0
A155C,1,0,0,0,0,0,0,0,0,0
Y157C,0,0,0,0,0,0,0,0,0,0
T158C,0,0,0,0,0,0,0,0,0,0
L160C,0,0,0,0,0,0,0,0,0,0
G161C,0,0,0,0,0,0,0,0,0,0
G25D,0,0,0,0,0,0,0,0,0,0
C30D,0,0,0,0,0,0,0,0,0,0
G33D,0,0,0,0,0,0,0,0,0,0
Q36D,1,0,1,0,0,0,0,1,0,0
V37D,0,0,0,0,0,0,0,0,0,0
K38D,0,0,0,0,0,0,0,0,0,0
S39D,0,0,0,0,0,0,0,0,0,0
A42D,0,0,1,0,0,0,0,0,0,0
A43D,0,0,1,0,0,0,0,0,0,0
G48D,0,0,0,0,0,0,0,0,0,1
E50D,0,0,0,0,0,0,0,0,0,0
A55D,0,0,0,0,0,0,0,0,0,0
Q59D,0,0,0,0,0,0,0,0,0,0
H60D,0,0,0,0,0,0,0,0,0,0
S64D,0,0,1,0,0,0,0,0,0,0
N69D,0,0,0,0,0,0,0,0,0,0
E85D,0,0,0,0,0,0,0,0,0,0
Y107D,0,0,0,0,0,0,0,0,0,0
Y109D,0,0,0,0,0,0,0,0,0,0
V113D,0,0,1,0,0,0,0,0,0,0
S114D,0,0,0,0,0,0,0,0,0,0
G115D,0,0,0,0,0,0,0,0,0,0
E116D,0,0,0,0,0,0,0,0,0,0
H117D,0,0,0,0,0,0,0,0,0,0
G121D,0,0,0,0,0,0,0,0,0,0
A123D,0,0,0,0,0,0,0,0,0,0
A125D,0,0,0,0,0,0,0,0,0,0
N128D,0,0,0,0,0,0,0,0,0,0
L129D,0,0,0,0,0,0,0,0,0,0
L130D,0,0,0,0,0,0,0,0,0,0
H132D,0,0,0,0,0,0,0,0,0,0
E133D,0,0,0,0,0,0,0,0,0,0
A134D,0,0,0,0,0,0,0,0,0,0
N135D,0,0,0,0,0,0,0,0,0,0
A136D,0,0,0,0,0,0,0,0,0,0
G138D,0,0,0,0,0,0,0,0,0,0
A139D,0,0,0,0,0,0,0,0,0,0
Y140D,0,0,0,0,0,0,0,0,0,0
V141D,0,0,0,0,0,0,0,0,0,0
Y143D,0,0,0,0,0,0,0,0,0,0
A146D,0,0,0,0,0,0,1,0,0,0
Y148D,0,0,0,0,0,0,0,0,0,0
G149D,0,0,0,0,0,0,0,0,0,0
P152D,0,0,0,0,0,0,0,0,0,0
A155D,0,0,0,0,0,0,0,0,0,0
Y157D,0,0,0,0,0,0,0,0,0,0
T158D,0,0,0,0,0,0,0,0,0,0
G161D,0,0,0,0,0,0,0,0,0,0
D35E,0,0,0,0,0,0,0,0,0,0
V37E,0,0,1,0,0,0,0,0,0,0
K38E,0,0,0,0,0,0,0,0,0,0
D45E,0,0,0,0,0,0,0,0,0,0
G52E,0,0,0,0,0,0,0,0,0,0
D53E,0,0,0,0,0,0,0,0,0,0
V54E,0,0,1,0,0,0,0,0,0,0
Q59E,0,0,0,0,0,0,0,0,0,0
D63E,0,0,0,0,0,0,0,0,0,0
S64E,0,0,0,0,0,0,0,0,0,0
D65E,0,0,1,0,0,0,0,0,0,1
G68E,0,0,0,0,0,0,0,0,0,0
A78E,1,0,1,0,0,0,0,1,0,0
K98E,0,0,0,0,0,0,0,0,0,0
D110E,0,0,0,0,0,0,0,0,0,0
A112E,0,0,1,0,0,0,0,0,0,0
S114E,0,0,0,0,0,0,0,0,0,0
A125E,0,0,0,0,0,0,0,0,0,0
K131E,0,0,0,0,0,0,0,0,0,0
A136E,0,0,0,0,0,0,0,0,0,0
L137E,0,0,0,0,0,0,0,0,0,0
V141E,0,0,0,0,0,0,0,0,0,0
V144E,0,0,0,0,0,0,0,0,0,0
A146E,0,0,0,0,0,0,0,0,0,0
D147E,0,0,0,0,0,0,0,0,0,0
G149E,0,0,0,0,0,0,0,0,0,0
D150E,0,0,0,0,0,0,0,0,0,0
D151E,0,0,0,0,0,0,0,0,0,0
P152E,0,0,0,0,0,0,0,0,0,0
A153E,0,0,0,0,0,0,0,0,0,0
V154E,0,0,0,0,0,0,0,0,0,0
A155E,0,0,0,0,0,0,0,0,0,0
T158E,0,0,0,0,0,0,0,0,0,0
K159E,0,0,0,0,0,0,0,0,0,0
G25F,0,0,0,0,0,0,1,0,0,1
I26F,0,0,0,0,0,0,0,0,0,0
I27F,0,0,0,0,0,0,0,0,0,0
C30F,0,0,0,0,0,0,0,0,0,0
L32F,0,0,0,0,0,0,0,0,0,0
G33F,0,0,0,1,0,0,1,0,0,0
D35F,0,1,0,0,0,0,1,0,0,0
V37F,0,0,0,0,0,0,0,0,0,0
K38F,0,0,0,0,0,0,0,0,0,0
S39F,0,0,0,0,0,0,0,0,0,0
R41F,0,0,0,0,0,0,0,0,0,0
L44F,0,0,0,0,0,0,0,0,0,1
L46F,0,0,0,0,0,0,0,0,0,0
V54F,0,0,0,0,0,0,0,0,0,0
S58F,0,0,0,0,0,0,0,0,0,0
H60F,0,0,0,1,0,0,0,0,0,0
S64F,0,0,0,0,0,0,0,0,0,1
L70F,0,0,0,0,0,0,0,0,0,0
I77F,0,0,0,0,0,0,0,0,0,0
A78F,0,0,0,0,0,0,0,0,0,0
L79F,0,0,0,0,0,0,0,0,0,0
V87F,0,0,0,0,0,0,0,0,0,0
V88F,0,0,0,0,0,0,0,0,0,0
V95F,0,0,0,0,0,0,0,0,0,0
P102F,0,1,0,1,0,0,0,0,0,0
S104F,0,0,0,0,0,0,0,0,0,0
L111F,0,0,0,0,0,0,0,0,0,1
V113F,0,0,0,0,0,0,0,0,0,1
G115F,0,0,0,0,0,0,0,0,0,0
E116F,0,0,0,0,0,0,0,0,0,0
H117F,0,0,0,0,0,0,0,0,0,0
T124F,0,1,0,1,0,0,1,0,0,0
L126F,0,0,0,0,0,0,0,0,0,0
I127F,0,0,0,0,0,0,0,0,0,0
L129F,0,0,0,0,0,0,0,0,0,0
L130F,0,0,0,0,0,0,0,0,0,0
H132F,0,0,0,0,0,0,0,0,0,0
L137F,0,0,0,0,0,0,0,0,0,0
I142F,0,0,0,0,0,0,0,0,0,0
Y143F,0,0,0,0,0,0,0,0,0,0
Y148F,0,0,0,0,0,0,0,0,0,0
D151F,0,0,0,0,0,0,0,0,0,0
A155F,0,0,0,1,0,0,0,0,1,0
L156F,0,0,0,0,0,0,0,0,0,0
Y157F,0,0,1,0,0,0,0,0,0,0
T158F,0,1,0,1,0,0,0,0,0,0
L160F,0,0,0,0,0,0,0,0,0,0
I26G,0,0,0,0,0,0,0,0,0,0
R31G,0,0,0,0,0,0,0,0,0,0
D35G,0,0,0,0,0,0,0,0,0,0
V37G,0,0,0,0,0,0,0,0,0,0
K38G,0,0,0,0,0,0,0,0,0,0
S39G,0,0,0,0,0,0,0,0,0,0
R41G,0,0,0,0,0,0,0,0,0,0
A42G,1,0,1,0,0,0,0,0,0,0
A43G,0,1,0,1,0,0,1,0,0,0
D45G,0,0,0,0,0,0,0,0,0,0
E50G,0,0,0,0,0,0,0,1,0,0
D53G,0,0,0,0,0,0,0,0,0,0
V54G,0,0,1,0,0,0,0,0,0,0
D63G,0,0,0,0,0,0,0,0,0,0
D65G,0,0,0,0,0,0,0,0,0,0
E85G,0,0,0,0,0,0,0,0,0,0
V87G,0,0,0,0,0,0,0,0,0,0
V88G,0,0,0,0,0,0,0,0,0,0
V95G,0,0,0,0,0,0,0,0,0,0
E100G,0,0,0,0,0,0,0,0,0,0
R103G,0,0,0,0,0,0,0,0,0,1
S104G,0,0,0,0,0,0,0,0,0,0
D110G,0,0,0,0,0,0,0,0,0,0
V113G,0,0,0,0,0,0,0,0,0,0
S114G,0,0,0,0,0,0,0,0,0,0
E116G,0,0,0,0,0,0,0,0,0,0
R119G,0,0,0,0,0,0,0,0,0,0
Q120G,0,0,0,1,0,0,0,0,0,0
A123G,0,0,0,1,0,0,0,0,0,0
T124G,0,1,0,1,0,0,1,0,0,0
A125G,0,0,0,0,0,0,0,0,0,0
N128G,0,0,0,0,0,0,0,0,0,0
L129G,0,0,0,0,0,0,0,0,0,0
E133G,0,0,0,0,0,0,0,0,0,0
A134G,0,0,0,1,0,0,0,0,0,0
N135G,0,0,0,0,0,1,0,0,0,0
A136G,0,0,0,0,0,0,0,0,0,0
L137G,0,0,0,1,0,0,1,0,0,0
V141G,0,0,0,0,0,0,0,0,0,0
V144G,0,0,0,0,0,0,0,0,0,0
D147G,0,0,0,0,0,0,0,0,0,0
Y148G,0,1,0,1,0,0,1,0,1,0
D150G,0,0,0,0,0,0,0,0,0,0
D151G,0,0,0,0,0,0,0,0,0,0
P152G,0,0,0,0,0,0,0,0,0,0
A153G,0,0,0,0,0,0,1,0,0,0
V154G,0,0,0,0,0,0,0,0,0,0
A155G,0,0,0,0,0,0,0,0,0,0
T158G,0,0,0,0,0,0,0,0,0,0
K159G,0,0,0,1,0,0,0,0,0,0
L160G,0,1,0,1,0,0,1,0,0,0
R28H,0,0,0,0,0,0,0,0,0,0
L32H,0,0,0,0,0,0,0,0,0,0
G33H,0,0,0,0,0,0,0,0,0,0
P34H,0,0,0,0,0,0,0,0,0,0
Q36H,0,0,0,0,0,0,0,0,0,0
K38H,0,0,0,0,0,0,0,0,0,0
L44H,0,0,0,0,0,0,0,0,0,0
D45H,0,0,0,0,0,0,0,0,0,0
L46H,0,0,0,0,0,0,0,0,0,0
R49H,0,0,0,0,0,0,0,0,0,0
Y57H,0,0,0,0,0,0,0,0,0,0
Q59H,0,0,0,0,0,0,0,0,0,0
Q61H,0,0,0,0,0,0,0,0,0,0
D63H,0,0,0,1,0,0,0,0,0,0
S64H,0,0,0,0,0,0,0,0,0,0
D65H,0,0,0,0,0,0,0,0,0,0
L67H,0,0,0,0,0,0,0,0,1,0
N69H,0,0,0,0,0,0,0,0,0,0
R72H,0,0,0,0,0,0,0,0,0,0
K74H,0,0,0,0,0,0,0,0,0,0
Q84H,0,0,0,0,0,0,0,0,0,0
A86H,0,0,0,0,0,0,0,0,0,0
P97H,0,0,0,0,0,0,0,0,0,0
P102H,0,0,0,0,0,0,0,0,0,0
R103H,0,0,0,0,0,0,0,0,0,0
S104H,0,0,0,1,0,0,0,0,1,0
Y107H,0,0,0,0,0,0,0,0,0,0
L111H,0,0,0,0,0,0,0,0,0,0
S114H,0,0,0,0,0,0,0,0,0,0
G115H,0,0,0,0,0,0,0,0,0,0
E116H,0,0,0,0,0,0,0,0,0,0
R119H,0,1,0,1,0,0,1,0,1,0
Q120H,0,0,0,0,0,0,0,0,0,0
L126H,0,0,0,0,0,0,0,0,0,0
N128H,0,0,0,0,0,0,0,0,0,0
L129H,0,0,0,0,0,0,0,0,0,0
L130H,0,0,0,0,0,0,0,0,0,0
E133H,0,0,0,1,0,0,0,0,1,0
N135H,0,0,0,0,0,0,0,0,0,0
A136H,0,0,0,0,0,0,0,0,0,0
L137H,0,0,0,0,0,0,0,0,0,0
Y140H,0,0,0,0,0,0,0,0,0,0
Y143H,0,0,0,0,0,0,0,0,0,0
Q145H,0,0,0,0,0,0,0,0,0,0
D147H,0,1,0,1,0,0,0,0,1,0
Y148H,0,0,0,0,0,0,0,0,0,0
D151H,0,0,0,0,0,0,0,0,0,0
P152H,0,0,0,0,0,0,0,0,0,0
A155H,0,1,0,1,0,0,1,0,1,0
L156H,0,0,0,0,0,0,0,0,0,0
Y157H,0,0,1,0,0,0,0,0,0,0
T158H,0,0,0,1,0,0,0,0,0,0
K159H,0,1,0,1,0,0,0,0,1,0
L160H,0,0,0,0,0,0,0,0,0,0
T29I,0,0,0,0,0,0,0,0,0,0
C30I,0,0,0,0,0,0,0,0,0,0
L32I,0,0,0,0,0,0,0,0,0,0
V37I,0,0,0,0,0,0,0,0,0,0
K38I,0,0,0,0,0,0,0,0,0,0
S39I,0,0,0,0,0,0,0,0,0,0
M40I,0,0,0,0,0,0,0,0,0,0
F51I,0,0,0,0,0,0,0,0,0,0
V54I,0,0,0,0,0,0,0,0,0,0
T56I,0,0,0,0,0,0,0,0,0,1
D65I,0,0,0,0,0,0,0,0,0,0
T75I,1,0,1,0,0,0,0,0,0,0
L79I,0,0,0,0,0,0,0,0,0,0
V87I,0,0,0,0,0,0,0,0,0,0
S104I,0,0,0,0,0,0,0,0,0,0
L111I,0,0,0,0,0,0,0,0,0,0
V113I,0,0,0,0,0,0,0,0,0,0
G115I,0,0,0,0,0,0,0,0,0,0
Q120I,0,0,0,0,0,0,0,0,0,0
T124I,0,0,0,0,0,0,0,0,0,0
L126I,0,0,0,0,0,0,0,0,0,0
L129I,0,0,0,0,0,0,0,0,0,0
L130I,0,0,0,0,0,0,0,0,0,0
H132I,0,0,0,0,0,0,0,0,0,0
E133I,0,0,0,0,0,0,0,0,0,0
N135I,0,0,0,0,0,0,0,0,0,0
L137I,0,0,0,0,0,0,0,0,0,0
A139I,0,1,0,0,1,0,1,0,0,0
V141I,0,0,0,0,0,0,0,0,0,0
D150I,0,0,0,0,0,0,0,0,0,0
D151I,0,0,0,0,0,0,0,0,0,0
V154I,0,0,0,0,0,0,0,0,0,0
L156I,0,0,0,0,0,0,0,0,0,0
T158I,0,0,0,0,0,0,0,0,0,0
L160I,0,0,0,0,0,0,0,0,0,0
G25K,0,0,0,0,0,0,0,0,0,0
R28K,0,0,0,0,0,0,0,0,0,0
R31K,0,0,0,0,0,0,0,0,0,0
P34K,0,1,0,0,0,0,1,0,0,0
Q36K,0,0,0,0,0,0,0,0,0,0
M40K,0,0,0,0,0,0,0,0,0,0
R49K,0,0,0,0,0,0,0,0,0,0
E50K,0,0,0,0,0,0,0,0,0,0
S58K,0,0,0,0,0,0,0,0,0,0
Q59K,0,0,0,0,0,0,0,0,0,0
Q61K,0,0,0,0,0,0,0,0,0,0
S64K,0,0,0,0,0,0,0,0,0,0
D65K,0,0,0,0,0,0,0,0,0,0
G68K,0,0,1,0,0,0,0,0,0,0
N69K,0,0,0,0,0,0,0,0,0,0
E85K,0,0,0,0,0,0,0,0,0,0
E100K,0,0,1,0,0,0,0,0,0,1
Q101K,0,0,0,0,0,0,0,0,0,0
P102K,0,0,0,0,0,0,0,0,0,0
E105K,0,0,0,0,0,0,0,0,0,0
S114K,0,0,0,0,0,0,0,0,0,0
G115K,0,0,0,0,0,0,0,0,0,0
E116K,0,0,0,0,0,0,0,0,0,0
H117K,0,0,0,0,0,0,0,0,0,0
R119K,0,0,0,0,0,0,0,0,0,0
Q120K,0,0,0,0,0,0,0,0,0,0
A125K,0,0,0,0,0,0,0,0,0,0
N128K,0,0,0,0,0,0,0,0,0,0
E133K,0,0,0,0,0,0,0,0,0,1
N135K,0,0,0,0,0,0,0,0,0,0
Q145K,0,0,0,0,0,0,0,0,0,0
Y148K,0,1,0,1,0,0,1,0,1,0
P152K,0,1,0,1,0,0,1,0,0,0
V154K,0,1,0,1,0,0,1,0,0,0
A155K,0,1,0,1,0,0,1,0,0,0
T158K,0,0,0,0,0,0,0,0,0,0
G25L,1,0,0,0,0,1,0,1,0,0
I26L,0,0,0,0,0,0,0,0,0,0
I27L,0,0,0,0,0,0,0,0,0,0
R28L,0,0,0,0,0,0,0,0,0,0
R31L,0,0,0,0,0,0,0,0,0,0
G33L,0,0,0,0,0,0,0,0,0,0
P34L,0,0,0,0,0,0,0,0,0,0
Q36L,0,0,0,0,0,0,0,0,0,0
V37L,0,0,0,0,0,0,0,0,0,0
K38L,0,0,0,0,0,0,0,0,0,0
S39L,0,0,0,0,0,0,0,0,0,0
M40L,0,0,0,0,0,0,0,0,0,0
R41L,0,0,0,0,0,0,0,0,0,0
A43L,0,0,0,0,0,0,0,0,0,0
F47L,0,0,0,0,0,0,0,0,0,0
R49L,0,0,0,0,0,0,0,0,0,0
F51L,0,0,0,0,0,0,0,0,0,0
G52L,0,0,0,0,0,0,0,0,0,0
V54L,0,0,0,0,0,0,0,0,0,0
A55L,1,0,1,0,0,0,0,0,0,0
Q59L,0,0,0,0,0,0,0,0,0,0
H60L,0,0,0,0,0,0,0,0,0,0
Q61L,0,0,0,0,0,0,0,0,0,0
P62L,0,0,0,0,0,0,0,0,0,0
D65L,0,0,0,0,0,0,0,0,0,0
G68L,0,0,0,0,0,0,0,0,0,0
R72L,0,0,0,0,0,0,0,0,0,0
F76L,0,0,0,0,0,0,0,0,0,0
I77L,0,0,0,0,0,0,0,0,0,0
F82L,0,0,0,0,0,0,0,0,0,0
F99L,0,0,0,0,0,0,0,0,0,0
P102L,0,0,0,0,0,0,0,0,0,0
R103L,0,0,0,1,0,0,0,0,0,0
S104L,0,0,0,1,0,0,0,0,0,0
I106L,0,0,0,0,0,0,0,0,0,0
I108L,0,0,0,0,0,0,0,0,0,0
G115L,0,0,0,0,0,0,0,0,0,0
E116L,0,0,0,0,0,0,0,0,0,0
H117L,0,0,0,1,0,0,0,0,0,0
Q120L,0,0,0,0,0,0,0,0,0,0
I122L,0,0,0,0,0,0,0,0,0,0
A123L,0,1,0,0,0,0,0,0,0,0
T124L,0,0,0,1,0,0,0,0,0,0
A125L,0,0,0,1,0,0,0,0,0,0
I127L,0,0,0,0,0,0,0,0,0,0
K131L,0,1,0,1,0,0,1,0,0,0
H132L,0,0,0,0,0,0,0,0,0,0
E133L,0,1,0,1,0,0,1,0,0,0
N135L,1,0,0,0,0,0,0,0,0,0
A136L,0,0,0,0,0,0,0,0,0,0
Y140L,0,0,0,0,1,0,0,0,0,0
V141L,0,0,0,0,0,0,0,0,0,0
I142L,0,0,0,1,0,0,0,0,0,0
V144L,0,0,0,0,0,0,0,0,0,0
Q145L,0,0,0,0,0,0,0,0,0,0
D147L,0,1,0,0,0,0,0,0,0,0
Y148L,0,1,0,1,0,0,1,0,0,0
G149L,0,1,0,1,0,0,1,0,0,0
D150L,0,1,0,0,0,0,1,0,0,0
D151L,0,0,0,0,0,0,0,0,0,0
P152L,0,0,0,0,0,0,0,0,0,0
V154L,0,0,0,0,0,0,0,0,0,0
A155L,0,0,0,1,0,0,0,0,0,0
T158L,0,1,0,1,0,0,1,0,0,0
T29M,0,0,0,0,0,0,0,0,0,0
R31M,0,0,0,0,0,0,0,0,0,1
Q36M,0,0,0,0,0,0,0,0,0,0
K38M,0,0,1,0,0,0,0,0,0,0
S39M,0,0,0,0,0,0,0,0,0,0
G52M,0,0,0,0,0,0,0,0,0,0
H60M,0,0,0,0,0,0,0,0,0,0
D65M,0,0,0,0,0,0,0,0,0,0
G68M,0,0,0,0,0,0,0,0,0,0
K74M,0,0,0,0,0,0,0,0,0,0
P102M,0,0,0,0,0,0,0,0,0,0
S104M,0,0,0,0,0,0,0,0,0,0
I106M,0,1,0,1,0,0,1,0,0,0
L111M,0,1,0,1,0,0,1,0,1,0
S114M,0,0,0,1,0,0,0,0,0,0
G115M,0,0,1,0,0,0,0,0,0,0
E116M,0,0,0,0,0,0,0,0,0,0
H117M,0,0,0,0,0,0,0,0,0,0
R119M,0,0,0,1,0,0,1,0,0,0
I122M,0,0,0,0,0,0,0,0,0,0
T124M,0,0,0,0,0,0,0,0,0,0
L129M,0,0,0,0,0,0,0,0,0,0
K131M,0,0,0,0,0,0,0,0,0,0
H132M,0,0,0,0,0,0,0,0,0,0
A136M,0,0,0,0,0,0,0,0,0,0
V141M,0,0,0,0,0,0,0,0,0,0
I142M,0,0,0,0,0,0,0,0,0,0
V144M,0,0,0,0,0,0,0,0,0,0
D151M,0,0,0,0,0,0,0,0,0,0
V154M,0,0,0,0,0,0,0,0,0,0
A155M,0,0,0,0,0,0,0,0,0,0
L156M,0,0,0,1,1,0,0,0,0,0
T158M,0,0,0,1,0,0,0,0,0,0
K159M,0,1,0,1,0,0,1,0,0,0
L160M,0,0,0,0,0,0,0,0,0,0
I26N,0,0,0,0,0,0,0,0,0,0
I27N,0,1,0,1,0,0,1,0,0,0
R28N,0,0,0,0,0,0,0,0,0,0
P34N,0,1,0,0,0,0,1,0,0,0
D35N,0,0,0,0,0,0,0,0,0,0
K38N,0,0,0,0,0,0,0,0,0,0
S39N,0,0,0,0,0,0,0,0,0,0
D45N,0,0,0,0,0,0,0,0,0,1
R49N,0,0,0,0,0,0,0,0,0,0
D53N,0,0,0,0,0,0,0,1,0,0
V54N,0,0,0,0,0,0,0,0,0,0
T56N,0,0,0,0,0,0,0,0,0,0
Q59N,0,0,0,0,0,0,0,0,0,0
H60N,0,0,0,0,0,0,0,0,0,0
D63N,0,0,0,0,0,0,0,0,0,0
S64N,0,0,0,0,0,0,0,0,0,0
D65N,0,0,0,0,0,0,0,0,0,1
S73N,0,0,0,0,0,0,0,0,0,0
K74N,0,0,0,0,0,0,0,1,0,0
D83N,0,0,0,0,0,0,0,0,0,0
E85N,0,0,0,0,0,0,0,0,0,0
K98N,0,0,0,0,0,0,0,0,0,0
P102N,0,0,0,0,0,0,0,0,0,0
S104N,0,0,0,0,0,0,0,0,0,0
I106N,0,0,0,0,0,0,0,0,0,0
Y107N,0,0,0,0,0,0,0,0,0,0
D110N,0,0,0,0,0,0,0,0,0,1
S114N,0,0,0,0,0,0,0,0,0,0
G115N,0,0,0,0,0,0,0,0,0,0
E116N,0,0,0,0,0,0,0,0,0,0
H117N,0,0,0,0,0,0,0,0,0,0
R119N,0,1,0,1,0,0,1,0,1,0
Q120N,0,0,0,0,0,0,0,0,0,0
I122N,0,0,0,0,1,0,1,0,0,0
T124N,0,0,0,0,0,0,0,0,0,0
A125N,0,0,0,0,0,0,0,0,0,0
I127N,0,0,0,0,0,0,0,0,0,0
L129N,0,0,0,0,0,0,0,0,0,0
L130N,0,0,0,0,0,0,1,0,0,0
H132N,0,0,0,0,0,0,0,0,0,0
A136N,0,0,0,0,0,0,0,0,0,0
G138N,0,0,0,0,0,0,0,0,0,0
Y140N,0,0,0,0,0,0,1,0,0,0
I142N,0,0,0,0,0,0,0,0,0,0
Y143N,0,0,0,0,0,0,0,0,0,0
V144N,0,0,0,0,0,0,0,0,0,0
D147N,0,0,0,0,0,0,0,0,0,0
Y148N,0,0,0,1,0,0,0,0,0,0
D150N,0,0,0,0,0,0,0,0,0,1
D151N,0,0,0,0,0,0,0,0,0,0
P152N,0,1,0,1,0,0,1,0,0,0
A155N,0,0,0,0,0,0,0,0,0,0
Y157N,0,0,1,0,0,0,0,0,0,1
T158N,0,0,0,0,0,0,0,0,0,0
K159N,0,0,0,1,0,0,0,0,1,0
L160N,0,0,0,1,0,0,0,0,0,0
G25P,1,0,0,0,0,0,0,0,0,0
I26P,0,0,0,0,0,0,0,0,0,0
R28P,0,0,0,0,0,0,0,0,0,0
T29P,0,0,0,0,0,0,0,0,0,0
L32P,1,0,0,0,0,0,0,0,0,0
Q36P,0,0,0,0,0,0,0,0,0,0
K38P,0,0,0,0,0,0,0,0,0,0
S39P,0,0,0,0,0,0,0,0,0,0
R41P,0,0,0,0,0,0,0,0,0,0
L44P,0,0,0,0,0,0,0,0,0,0
L46P,0,0,0,0,0,0,0,0,0,0
V54P,0,0,0,0,0,0,0,0,0,0
A55P,1,0,0,0,0,0,0,1,0,0
T56P,0,0,0,0,0,0,0,0,0,0
S58P,0,0,0,0,0,0,0,0,1,0
Q59P,0,0,0,0,0,0,0,0,0,0
H60P,0,0,0,0,0,0,0,0,0,0
Q61P,0,0,0,0,0,0,0,0,0,0
D63P,0,0,0,0,0,0,0,0,0,0
S64P,0,0,0,0,0,0,0,0,0,0
D65P,0,0,0,1,0,0,1,0,0,0
L67P,0,0,0,0,0,0,0,0,1,0
L71P,0,0,0,0,0,0,0,0,0,0
R72P,0,0,1,0,0,0,0,0,0,1
K74P,0,0,0,0,0,0,0,0,0,0
T75P,0,0,1,0,0,0,0,0,0,0
Q84P,0,0,0,0,0,0,0,0,0,0
Q101P,0,0,0,0,0,0,0,0,0,0
E105P,0,0,0,0,0,0,0,0,0,0
I106P,0,0,0,0,0,0,0,0,0,0
L111P,0,0,0,0,0,0,0,0,0,0
S114P,0,0,0,0,0,0,0,0,0,0
G115P,0,1,0,1,0,0,1,0,0,0
E116P,0,0,0,0,0,0,0,0,0,0
H117P,0,0,0,0,0,0,0,0,0,1
T124P,0,0,0,0,0,0,0,0,0,0
L126P,0,0,0,0,0,0,0,0,0,0
L129P,0,0,0,0,0,0,0,0,0,0
L130P,0,0,0,0,0,0,0,0,0,1
L137P,0,0,0,0,0,0,0,0,0,0
Q145P,0,0,0,0,0,0,0,0,0,0
A146P,0,0,1,0,0,0,1,0,0,0
D147P,0,0,0,1,0,0,1,0,1,0
Y148P,0,1,0,0,0,0,1,0,0,0
G149P,0,0,0,0,0,0,1,0,0,0
D151P,0,0,0,0,0,0,0,0,0,0
A153P,0,0,0,1,0,0,0,0,0,0
L156P,0,0,0,0,0,0,0,0,0,0
T158P,0,0,0,0,0,0,0,0,0,0
G25Q,0,0,0,0,0,0,0,0,0,0
C30Q,0,0,0,0,0,0,0,0,0,0
K38Q,0,0,0,0,0,0,0,0,0,0
S39Q,0,0,0,0,0,0,0,0,0,0
R41Q,0,0,0,0,0,0,0,0,0,0
A42Q,0,0,1,0,0,0,0,0,0,0
E50Q,0,0,0,0,0,0,0,0,0,0
A55Q,1,0,0,0,0,0,0,0,0,0
H60Q,0,0,0,0,0,0,0,0,0,0
P62Q,0,0,0,0,0,0,0,0,0,0
S73Q,1,0,0,0,0,0,0,0,0,0
K74Q,0,0,0,0,0,0,0,0,0,0
K98Q,0,0,0,0,0,0,0,0,0,0
P102Q,0,0,0,0,0,0,0,0,0,0
S104Q,0,0,0,0,0,0,0,0,0,0
S114Q,0,0,0,1,0,0,0,0,0,0
G115Q,0,0,0,0,0,0,0,0,0,0
E116Q,0,0,0,0,0,0,0,0,0,0
H117Q,0,0,0,1,0,0,0,0,0,0
R118Q,0,0,0,0,0,0,0,0,0,0
R119Q,0,0,0,0,0,0,0,0,0,0
A125Q,0,1,0,0,0,0,1,0,0,0
N128Q,0,0,0,0,0,0,0,0,0,0
L129Q,0,1,0,0,0,0,0,0,0,0
K131Q,0,0,0,0,0,0,0,0,0,0
H132Q,0,0,0,0,0,0,0,0,0,0
Y148Q,0,0,0,0,0,0,0,0,0,0
G149Q,0,0,0,0,0,0,0,0,0,0
D151Q,0,1,0,1,0,0,1,0,0,0
P152Q,0,1,0,0,0,0,1,0,0,0
T158Q,0,0,0,0,0,0,0,0,0,0
K159Q,0,0,0,0,0,0,0,0,0,0
G25R,0,0,0,0,0,0,0,0,0,0
I26R,0,0,0,0,0,0,0,0,0,0
T29R,0,0,0,0,0,0,1,0,0,0
C30R,0,0,0,0,0,0,0,0,0,0
L32R,0,0,0,1,0,0,0,0,0,0
G33R,0,0,0,0,0,0,0,0,0,0
P34R,0,1,0,1,0,0,0,0,0,0
D35R,0,0,0,0,0,0,0,0,0,0
Q36R,0,0,0,0,0,0,0,0,0,0
K38R,0,0,0,0,0,0,0,0,0,0
M40R,0,0,0,0,0,0,0,0,0,0
L44R,0,0,0,0,0,0,0,0,0,0
L46R,0,0,0,0,0,0,0,0,0,0
G48R,0,0,0,0,0,0,0,0,0,0
G52R,0,0,0,0,0,0,0,0,0,0
S58R,0,0,0,0,0,0,0,0,1,0
Q59R,0,0,0,0,0,0,0,0,0,0
H60R,0,0,0,0,0,0,0,0,0,0
Q61R,0,0,0,0,0,0,0,0,0,0
L67R,0,0,0,0,0,0,0,0,0,0
G68R,0,0,0,0,0,0,0,0,0,0
N69R,0,0,0,0,0,0,0,0,0,0
S73R,0,0,0,0,0,0,0,0,0,0
K74R,1,0,0,0,0,0,0,1,0,0
Q84R,0,0,0,0,0,0,0,0,0,0
K98R,0,0,0,0,0,0,0,0,0,0
Q101R,0,0,0,0,0,0,0,0,0,0
P102R,0,0,0,0,0,0,0,0,0,0
S104R,0,0,0,0,0,0,0,0,0,0
L111R,0,0,0,0,0,0,0,0,0,1
S114R,0,0,0,1,0,0,0,0,1,0
G115R,0,0,0,0,0,0,0,0,0,0
E116R,0,0,0,0,0,0,0,0,0,0
H117R,0,0,0,0,0,0,0,0,0,0
Q120R,0,0,0,0,0,0,0,0,0,0
G121R,0,1,0,1,0,0,1,0,0,0
A125R,0,0,0,0,0,0,0,0,0,0
L126R,0,0,0,0,0,0,0,0,0,0
L129R,0,0,0,0,0,0,0,0,0,0
L130R,0,0,0,0,0,0,0,0,0,0
K131R,0,0,0,0,0,0,0,0,0,0
H132R,0,0,0,0,0,0,0,0,0,0
N135R,0,0,1,0,0,0,0,0,0,0
L137R,0,0,0,0,0,0,0,0,0,0
Q145R,0,0,0,0,0,0,0,0,0,0
Y148R,0,1,0,0,0,0,1,0,0,0
D151R,0,0,0,0,0,0,0,0,0,0
P152R,0,1,0,1,0,0,1,0,0,0
A153R,0,1,0,0,0,0,1,0,0,0
V154R,0,1,0,1,0,0,1,0,0,0
A155R,0,0,0,0,0,0,0,0,0,0
L156R,0,0,0,0,0,0,0,0,0,0
T158R,0,0,0,0,0,0,0,0,0,0
K159R,0,0,0,0,0,0,0,0,0,0
G161R,0,0,0,0,0,0,0,0,0,0
G25S,0,0,0,0,0,0,0,0,0,0
I26S,0,0,0,0,0,0,0,0,0,0
R28S,0,0,0,0,0,0,0,0,0,0
T29S,0,0,0,0,0,0,0,0,0,0
C30S,0,0,0,0,0,0,0,0,0,0
R31S,0,0,0,0,0,0,0,0,0,0
G33S,0,0,0,0,0,0,0,0,0,0
P34S,0,0,0,0,0,0,0,0,0,0
K38S,0,0,0,0,0,0,0,0,0,0
R41S,0,0,0,0,0,0,1,0,0,0
A42S,0,0,0,0,0,0,0,0,0,0
A43S,0,0,0,0,0,0,0,0,0,0
F47S,0,0,0,0,0,0,0,0,0,0
G48S,0,0,0,0,0,0,0,0,0,0
R49S,0,0,0,0,0,0,0,0,0,0
E50S,0,1,0,1,0,0,1,0,0,0
F51S,0,0,0,0,0,0,0,0,0,0
G52S,0,0,0,0,0,0,0,0,0,0
A55S,0,0,0,0,0,0,0,0,0,0
T56S,0,0,0,0,0,0,0,0,0,0
Y57S,0,0,0,0,0,0,0,0,0,0
Q59S,0,0,0,0,0,0,0,0,0,0
P62S,0,0,0,0,0,0,0,0,0,0
D63S,0,0,0,0,0,0,0,0,0,0
D65S,0,0,1,0,0,0,0,0,0,0
Y66S,0,0,0,0,0,0,0,1,0,0
G68S,0,0,1,0,0,0,0,0,0,0
N69S,0,0,0,0,0,0,0,0,0,0
L70S,0,0,0,0,0,0,0,0,0,0
R72S,1,0,0,0,0,0,0,0,0,0
T75S,0,0,0,0,0,0,0,0,0,0
F76S,0,0,0,0,0,0,0,0,0,0
A78S,0,0,0,0,0,0,0,0,0,0
A80S,0,0,0,0,0,0,0,0,0,0
A81S,0,0,0,0,0,0,0,0,0,0
Q84S,0,0,0,0,0,0,0,0,0,0
A86S,1,0,0,0,0,0,0,1,0,0
A90S,0,0,0,0,0,0,0,0,0,0
A92S,0,1,0,1,0,0,1,0,0,0
Y94S,0,0,0,0,0,0,0,0,0,0
P97S,0,0,0,0,0,0,0,0,0,0
P102S,0,0,0,0,0,0,0,0,0,0
R103S,0,0,0,0,0,0,0,0,0,1
I106S,0,0,0,0,0,0,0,0,0,0
I108S,0,0,0,0,0,0,0,0,0,0
A112S,0,0,0,0,0,0,0,0,0,0
G115S,0,0,0,0,0,0,0,0,0,0
E116S,0,0,0,0,0,0,0,0,0,0
R119S,0,0,0,0,1,0,1,0,0,0
Q120S,0,0,0,1,0,0,0,0,1,0
G121S,0,0,0,0,0,0,0,0,0,0
I122S,0,0,0,0,0,0,0,0,0,0
A123S,0,0,0,0,0,0,0,0,0,0
T124S,0,0,0,0,0,0,0,0,0,0
A125S,0,0,0,0,0,0,0,0,0,0
I127S,0,0,0,0,0,0,0,0,0,0
N128S,0,0,0,0,0,0,0,0,0,0
L129S,0,0,0,0,0,0,0,0,0,0
H132S,0,0,0,0,0,0,0,0,0,0
A134S,0,0,0,0,0,0,0,0,0,0
N135S,0,0,0,0,0,0,0,0,0,0
A136S,0,0,0,0,0,0,0,0,0,0
L137S,0,0,0,0,0,0,0,0,0,0
G138S,0,0,0,0,0,0,0,0,0,0
A139S,0,0,0,0,0,0,0,0,0,0
Y140S,0,1,0,0,0,0,1,0,0,0
V141S,0,1,0,0,1,0,1,0,0,0
I142S,0,0,0,0,0,0,0,0,0,0
Y143S,0,1,0,0,0,0,1,0,0,0
D147S,0,1,0,0,0,0,0,0,0,0
Y148S,0,1,0,0,0,0,0,0,0,0
G149S,1,0,1,0,1,0,0,1,0,0
D151S,0,0,0,0,0,0,0,0,0,0
P152S,0,0,0,0,0,0,0,0,0,0
A153S,0,0,0,0,1,0,1,0,0,0
A155S,0,0,0,0,0,0,0,0,0,0
Y157S,0,0,0,0,0,0,1,0,0,0
T158S,0,0,0,0,0,0,0,0,0,0
K159S,0,0,0,1,0,0,0,0,0,0
L160S,0,1,0,0,0,0,0,0,0,0
G161S,0,0,0,0,0,0,0,0,0,0
I26T,0,0,0,0,0,0,0,0,0,0
I27T,0,1,0,1,0,0,1,0,0,0
G33T,0,0,0,0,0,0,0,0,0,0
P34T,0,0,0,0,0,0,0,0,0,0
D35T,0,0,0,0,0,0,0,0,0,0
V37T,0,0,0,0,0,0,0,0,1,0
K38T,0,0,0,0,0,0,0,0,0,0
S39T,0,0,0,0,0,0,0,0,0,0
M40T,0,0,0,0,0,0,0,0,0,0
R41T,0,0,0,1,0,0,0,0,0,0
A42T,0,0,0,0,0,0,0,0,0,0
A43T,0,0,0,0,0,0,0,0,0,0
L44T,0,0,0,1,0,0,0,0,0,0
R49T,0,0,0,0,0,0,0,0,0,0
E50T,0,1,0,1,0,0,1,0,1,0
G52T,0,0,0,0,0,0,0,0,0,0
V54T,0,0,0,0,0,0,0,0,0,0
A55T,0,0,0,0,0,0,0,0,0,0
S58T,0,0,0,0,0,0,0,0,0,0
Q59T,0,0,0,0,0,0,0,0,0,0
H60T,0,0,0,0,0,0,0,0,1,0
P62T,0,0,0,0,0,0,0,0,0,0
S64T,0,0,0,0,0,0,0,0,0,0
Y66T,0,0,0,0,0,0,0,0,0,1
N69T,0,0,0,0,0,0,0,0,0,0
K74T,0,0,0,0,0,0,0,1,0,0
A78T,0,0,0,0,0,0,0,0,0,0
A80T,0,0,0,0,0,0,0,0,0,0
A81T,0,0,0,0,0,0,0,0,0,0
A90T,0,0,0,0,0,0,0,0,0,0
A92T,0,0,0,0,0,0,0,0,0,0
P97T,0,0,0,0,0,0,0,0,0,0
K98T,0,0,0,0,0,0,0,0,0,0
P102T,0,0,0,0,0,0,0,0,0,0
S104T,0,0,0,0,0,0,0,0,0,0
A112T,0,0,0,0,0,0,0,0,0,0
V113T,0,0,0,1,0,0,0,0,0,0
S114T,0,1,0,0,0,0,1,0,0,0
G115T,0,0,0,0,0,0,0,0,0,0
E116T,0,0,0,0,0,0,0,0,0,0
H117T,0,0,0,1,0,0,0,0,0,0
Q120T,0,0,0,0,0,0,0,0,1,0
A123T,0,0,0,0,0,0,0,0,0,0
A125T,0,0,0,0,0,0,0,0,0,0
I127T,0,0,0,0,0,0,0,0,0,0
N128T,0,0,0,0,0,0,0,0,0,0
L129T,0,0,0,0,0,0,0,0,0,0
K131T,0,0,0,0,0,0,0,0,0,0
H132T,0,0,0,0,0,0,0,0,0,0
E133T,0,0,0,1,0,0,0,0,0,0
A134T,0,0,0,0,0,0,0,0,0,0
N135T,0,0,0,0,0,0,0,0,0,0
A136T,0,0,0,0,0,0,0,0,0,0
L137T,0,0,0,0,0,0,0,0,0,0
A139T,0,0,0,1,0,0,0,0,0,0
Y140T,0,1,0,0,1,0,1,0,0,0
I142T,0,0,0,0,0,0,0,0,0,0
A146T,0,0,0,0,0,0,0,0,0,0
D151T,0,0,0,0,0,0,0,0,0,0
P152T,0,0,0,0,0,0,0,0,0,0
A153T,0,0,0,0,0,0,0,0,0,0
V154T,0,0,0,0,0,0,0,0,0,0
A155T,0,0,0,0,0,0,0,0,0,0
L156T,0,0,0,1,0,0,1,0,0,0
K159T,0,0,0,1,0,0,0,0,0,0
G25V,0,0,0,0,0,0,0,0,0,0
I26V,0,0,0,0,0,0,0,0,0,0
I27V,0,0,0,0,0,0,0,0,0,0
R28V,0,0,0,0,0,0,0,0,0,0
G33V,0,0,0,0,0,0,0,0,0,0
D35V,0,0,0,0,0,0,0,0,0,0
K38V,0,1,0,0,0,0,1,0,1,0
S39V,0,0,0,0,0,0,0,0,0,0
M40V,0,0,0,0,0,0,0,0,0,0
A42V,0,0,0,0,0,0,0,0,0,0
A43V,0,0,0,0,0,0,0,0,0,0
L44V,0,0,0,0,0,0,0,0,0,0
D45V,0,0,0,0,0,0,0,0,0,0
F47V,0,0,0,0,0,0,0,0,0,0
G48V,0,0,0,0,0,0,0,0,0,0
R49V,0,0,0,0,0,0,0,0,0,0
E50V,0,0,0,0,0,0,0,0,0,0
G52V,0,0,0,0,0,0,0,0,0,0
D53V,0,0,0,0,0,0,0,1,0,0
A55V,0,0,0,0,0,0,0,0,0,0
T56V,0,0,0,0,0,0,0,0,0,0
D63V,0,0,0,1,0,0,0,0,0,0
D65V,0,0,1,0,0,0,0,0,0,1
G68V,0,0,0,0,0,0,0,0,0,0
T75V,0,0,0,0,0,0,0,0,0,0
I77V,0,0,0,0,0,0,0,0,0,0
A78V,0,0,0,0,0,0,0,0,0,0
A80V,0,0,0,0,0,0,0,0,0,0
A81V,0,0,0,1,0,0,0,0,0,0
D83V,0,0,0,0,0,0,0,0,0,0
A86V,1,0,0,0,0,0,0,0,0,0
A92V,0,0,0,0,0,0,0,0,0,0
F99V,0,0,0,0,0,0,0,0,0,0
P102V,0,0,0,0,0,0,0,1,0,0
S104V,0,0,0,1,0,0,0,0,0,0
I106V,0,0,0,0,0,0,0,0,0,0
I108V,0,0,0,0,0,0,0,0,0,0
A112V,0,0,0,0,0,0,0,0,0,0
S114V,0,1,0,1,0,0,1,0,0,0
G115V,0,0,0,0,0,0,0,0,0,0
E116V,0,0,0,0,0,0,0,0,0,0
H117V,0,0,0,1,0,0,0,0,0,0
Q120V,0,0,0,1,1,0,0,0,0,0
G121V,0,0,0,0,0,0,0,0,0,0
I122V,0,0,0,0,0,0,0,0,0,0
A123V,0,0,0,0,0,0,0,0,0,0
A125V,0,0,0,0,0,0,0,0,0,0
I127V,0,0,0,0,0,0,0,0,0,0
L129V,0,1,0,1,0,0,0,0,0,0
K131V,0,0,0,0,0,0,0,0,0,0
E133V,0,0,0,0,0,0,0,0,0,0
A134V,0,0,0,0,0,0,0,0,0,0
N135V,0,0,0,0,0,0,0,0,0,0
A136V,0,0,0,0,0,0,0,0,0,0
L137V,0,0,0,0,0,0,0,0,0,0
G138V,0,0,0,0,0,0,0,0,0,0
A139V,0,0,0,0,0,0,0,0,0,0
I142V,0,0,0,0,0,0,0,0,0,0
A146V,0,0,0,0,0,0,0,0,0,0
D147V,0,0,0,0,0,0,0,0,0,0
Y148V,0,1,0,0,0,0,1,0,1,0
G149V,0,0,0,1,0,0,0,0,0,0
D150V,0,0,0,0,0,0,0,0,0,0
D151V,0,0,0,0,0,0,0,0,0,0
P152V,0,1,0,1,0,0,1,0,0,0
A153V,0,0,0,0,0,0,0,0,0,0
A155V,0,0,0,0,0,0,0,0,0,0
L156V,0,0,0,0,0,0,0,0,0,0
K159V,0,1,0,1,0,0,1,0,0,0
L160V,0,0,0,0,0,0,0,0,0,0
I26W,1,0,0,0,0,0,0,0,0,0
R31W,0,0,0,0,0,0,0,0,0,0
S39W,0,0,0,0,0,0,0,0,0,0
R41W,0,0,0,0,0,0,0,0,0,0
V54W,0,0,0,0,0,0,0,0,0,0
G115W,0,0,0,0,0,0,0,0,0,0
H117W,0,0,0,0,0,0,0,0,0,0
R118W,0,0,0,0,0,0,0,0,0,0
R119W,0,0,0,0,0,0,0,0,0,0
H132W,0,0,0,0,0,0,0,0,0,0
N135W,0,0,0,0,0,0,0,0,0,0
A136W,0,0,0,1,0,0,0,0,0,0
Y143W,0,0,0,0,0,0,0,0,0,0
L160W,0,0,0,0,0,0,0,0,0,0
C30Y,0,0,0,0,0,0,0,1,0,0
P34Y,0,0,0,0,0,0,0,0,0,0
D35Y,0,0,0,0,0,0,0,0,0,0
K38Y,0,0,0,0,0,0,0,0,0,0
S39Y,0,0,0,0,0,0,0,0,0,0
A42Y,0,0,0,0,0,0,0,0,0,0
D45Y,0,0,0,0,0,0,0,0,0,0
F47Y,0,0,0,0,0,0,0,0,0,0
D53Y,0,0,0,0,0,0,0,0,0,0
V54Y,0,0,0,0,0,0,0,0,0,0
A55Y,1,0,0,0,0,0,0,0,0,0
S58Y,0,0,0,0,0,0,0,0,0,0
Q59Y,0,0,0,0,0,0,0,0,0,0
H60Y,0,0,0,0,0,0,0,0,0,0
D63Y,0,0,0,0,0,0,0,0,0,0
S64Y,0,0,0,0,0,0,0,0,0,0
D65Y,0,0,0,0,0,0,0,0,0,0
N69Y,0,0,0,0,0,0,0,0,0,0
K74Y,0,0,0,0,0,0,0,0,0,0
F76Y,0,0,0,1,0,0,0,0,0,0
D83Y,1,0,0,0,0,0,0,0,0,0
P102Y,0,1,0,1,0,0,0,0,0,0
G115Y,0,0,0,0,0,0,0,0,0,0
H117Y,0,0,0,0,0,0,0,0,0,0
Q120Y,0,1,0,1,0,0,1,0,0,0
T124Y,0,1,0,1,0,0,1,0,0,0
H132Y,0,0,0,0,0,0,0,0,0,0
E133Y,0,0,0,0,0,0,0,0,0,0
N135Y,0,0,0,0,0,0,0,0,0,0
A136Y,0,0,0,0,0,0,0,0,0,0
L137Y,0,0,0,1,0,0,0,0,1,0
A139Y,0,1,0,0,1,0,1,0,0,0
G149Y,0,0,0,0,0,0,1,0,0,0
D150Y,0,0,0,0,1,0,0,0,0,0
D151Y,0,0,0,0,0,0,0,0,0,0
P152Y,0,1,0,1,0,0,1,0,0,0
V154Y,0,0,0,0,1,0,1,0,0,0
A155Y,0,0,0,1,0,0,0,0,1,0
T158Y,0,0,0,0,1,0,1,0,0,0
L160Y,0,1,0,0,0,0,0,0,0,0
